periode,cash_in_echannel,cash_out_echannel,cash_in_kantor,cash_out_kantor,cr_ketetapan_total_bkn_sum,giro,deposito,kewajiban_lain,tabungan,rata_dpk_mingguan,kas_kantor,kas_echannel
2019-07-31,730300000.0,-1304400000.0,143672192130.8,-110610408929.8,3.0,986735795777.83,804815274664.0,14196848459.12,707264699463.87,313574394799.0449,1928940301.0,2939100000.0
2019-08-01,732200000.0,-832150000.0,314413086449.56,-67109868150.56,3.0,896245873470.9899,812561062808.0,12340617510.22,701199530872.45,313574394799.045,249232158600.0,2839150000.0
2019-08-02,1169800000.0,-621400000.0,1251294500.0,-1142331700.0,3.0,905971391306.9899,812722521246.0,11820222539.22,692278704326.4501,313574394799.045,249341121400.0,3387550000.0
2019-08-03,913450000.0,-424050000.0,0.0,0.0,3.0,905712658308.9899,812725257672.0,11996399444.220001,686722378756.3499,313574394799.0449,249341121400.0,3876950000.0
2019-08-04,775250000.0,-777950000.0,98833307801.0,-87292735001.0,3.0,978834724298.36,812471056629.0,12329618630.220001,681343849771.0499,313574394799.0449,260881694200.0,3874250000.0
2019-08-05,1243150000.0,-1488550000.0,152801775688.32,-136200760988.32,3.0,1128247933756.71,824519164731.0,12176771730.519999,665501430551.4901,313574394799.045,277482708900.0,3628850000.0
2019-08-06,558800000.0,-774800000.0,58247734212.0,-73306233312.0,3.0,1095003680829.5599,815291772694.0,13706725142.519999,665897763611.5199,313574394799.045,262424209800.0,3412850000.0
2019-08-07,488550000.0,-652400000.0,69084653482.0,-49415454882.0,3.0,1039522092727.85,815267106824.0,13684684393.52,663127648485.14,330677014006.0625,282093408400.0,3249000000.0
2019-08-08,722500000.0,-724300000.0,273956903571.0,-74224296371.0,3.0,1149507593973.84,832069541906.0,12096037258.34,651164212650.23,330677014006.06256,481826015600.0,3247200000.0
2019-08-09,856700000.0,-640350000.0,1582057703.0,-1529425203.0,3.0,1153623455642.8398,832065119644.0,12277099611.34,645113922306.13,330677014006.0625,481878648100.0,3463550000.0
2019-08-10,446650000.0,-159850000.0,0.0,0.0,3.0,1154780756581.45,832070294866.0,12441548135.34,641988814423.3099,330677014006.0625,481878648100.0,3750350000.0
2019-08-11,456050000.0,-586000000.0,158532502039.0,-81782613639.0,3.0,1372998268699.92,818725388319.0,11806052276.34,638657953866.74,330677014006.0625,558628536500.0,3620400000.0
2019-08-12,395800000.0,-637900000.0,37537234528.8,-108013322128.8,3.0,1323620453765.7402,818441283370.0,11098659136.34,637055900477.4701,330677014006.06256,488152448900.00006,3378300000.0
2019-08-13,472450000.0,-634050000.0,46095553294.0,-90853080694.0,3.0,1061385044515.74,818247691640.0,10881812071.34,634688049152.74,330677014006.0625,443394921500.00006,3216700000.0
2019-08-14,467900000.0,-500950000.0,54059181730.6,-62713495830.6,3.0,1037825074981.6699,818288889683.0,10889694082.519999,635642929962.2902,330677014006.0625,434740607400.00006,3183650000.0
2019-08-15,919900000.0,-571500000.0,195224893141.0,-102179794241.0,3.0,983778947144.2601,816257830865.0,10887354623.920002,637869610903.66,312154173732.1887,527785706300.0,3532050000.0
2019-08-16,681200000.0,-311100000.0,53221500.0,0.0,3.0,988037006218.26,816250435367.0,11054725291.920002,634092426773.03,312154173732.1888,527838927800.0,3902150000.0
2019-08-17,0.0,0.0,0.0,0.0,3.0,993767472722.2601,816253168325.0,11223721157.920002,629759891302.5199,312154173732.1887,527838927800.0,3902150000.0
2019-08-18,675700000.0,-878050000.0,142092123690.75,-120074621890.75,3.0,957880429735.4701,805133200590.0,11397831647.920002,628320165077.8699,312154173732.1887,549856429600.0,3699800000.0
2019-08-19,644950000.0,-590000000.0,36121865493.0,-106409641893.0,3.0,992185624337.6699,805123311506.0,11131402919.92,627719340116.9401,312154173732.1888,479568653200.0,3754750000.0
2019-08-20,522350000.0,-1242850000.0,88900731743.0,-120214312743.0,3.0,1112207751416.54,805219070540.0,11027861034.320002,626749468934.36,312154173732.1888,448255072200.0,3034250000.0
2019-08-21,786350000.0,-762500000.0,155214061799.0,-82508994999.0,3.0,1040369713568.09,806144338124.0,17133639729.62,627826171331.11,312154173732.1888,520960139000.0,3058100000.0
2019-08-22,1330400000.0,-784750000.0,247438424136.0,-95619484236.0,3.0,889141008986.53,808884489873.0,10921149331.62,649035836136.6,312154173732.1888,672779078900.0,3603750000.0
2019-08-23,632300000.0,-616650000.0,1474237000.0,-1328529100.0,3.0,896382012801.53,808884489873.0,11054156227.62,640131342640.46,330016454303.59875,672924786800.0,3619400000.0
2019-08-24,620400000.0,-299750000.0,0.0,0.0,3.0,900097875214.93,808887747966.0,10080295595.619999,634865697528.29,330016454303.59875,672924786800.0,3940050000.0
2019-08-25,504600000.0,-714200000.0,36302697738.0,-84517246638.0,3.0,979377176595.83,795433716314.0,10576893878.14,631080427305.2001,330016454303.59875,624710237900.0,3730450000.0
2019-08-26,441900000.0,-550850000.0,106483332224.0,-119181814524.0,3.0,930347859386.6901,804857177609.0,10477783669.140001,628224722493.3601,330016454303.59875,612011755600.0,3621500000.0
2019-08-27,436500000.0,-1239200000.0,141107935592.0,-77011458692.0,3.0,837491407740.29,805707404297.0,13672188035.140001,628510396271.46,330016454303.59875,676108232500.0,2818800000.0
2019-08-28,876700000.0,-997050000.0,189671650108.0,-53551755908.0,3.0,1794196569017.11,805742962439.0,11265177541.140001,629604899485.4601,330016454303.59875,812228126700.0,2698450000.0
2019-08-29,1120150000.0,-765250000.0,114101890575.0,-59298805575.0,3.0,1427416001774.21,810243294461.0,12661338427.140001,633627142008.15,330016454303.59875,867031211700.0,3053350000.0
2019-08-30,840400000.0,-523100000.0,18434839700.0,-18361128500.0,3.0,1408773988177.01,810252752357.0,12760968678.14,628337867351.4299,330016454303.59875,867104922900.0,3370650000.0
2019-08-31,1515700000.0,-376150000.0,0.0,0.0,3.0,1331284006311.01,810256536266.0,14288718104.119999,672455298921.7802,306137256181.7562,867104922900.0,4510200000.0
2019-09-01,733800000.0,-869050000.0,126857363005.0,-125026555205.0,3.0,969484283587.41,805362451274.0,13257613853.119999,657485093739.73,306137256181.7562,868935730700.0,4374950000.0
2019-09-02,813750000.0,-1309400000.0,241315557003.0,-84493018603.0,3.0,830266047824.64,793992451274.0,10811853250.119999,660806654173.79,306137256181.7563,1025758269100.0,3879300000.0
2019-09-03,494000000.0,-664400000.0,33864869571.0,-76043087771.0,3.0,827650810649.5701,793508484988.0,10799201787.119999,657796557259.59,306137256181.7563,983580050900.0,3708900000.0
2019-09-04,532150000.0,-665850000.0,219732285652.0,-56105321752.0,3.0,760438537682.65,797043692961.0,10655452021.93,661633682698.61,306137256181.7563,1147207014800.0,3575200000.0
2019-09-05,836550000.0,-729850000.0,157725038146.0,-84772473146.0,3.0,873323039910.93,792838508633.0,12268104506.75,656959102477.0701,306137256181.7563,1220159579800.0,3681900000.0
2019-09-06,859650000.0,-635900000.0,1696475300.0,-1545198500.0,3.0,884602474393.0701,792838806235.0,12448304324.749998,650868213248.0698,306137256181.7563,1220310856600.0,3905650000.0
2019-09-07,946450000.0,-284250000.0,0.0,0.0,3.0,887242769617.0701,792839253623.0,12528921294.75,645822755174.37,324547245830.61755,1220310856600.0,4567850000.0
2019-09-08,562000000.0,-1276550000.0,132102757055.0,-92078625055.0,3.0,906808938554.07,792738072387.0,12840176250.749998,643729298305.26,324547245830.61755,1260334988600.0,3853300000.0
2019-09-09,612200000.0,-790850000.0,68245220064.0,-112313609764.0,3.0,1081177899358.63,794738411428.0,13150056147.419998,646842617652.13,324547245830.61755,1216266598900.0,3674650000.0
2019-09-10,610850000.0,-633100000.0,115764094767.0,-89200064267.0,3.0,1130728443012.43,794761310207.0,13164612565.419998,645966123081.39,324547245830.61755,1242830629400.0,3652400000.0
2019-09-11,484650000.0,-614050000.0,177939193777.2,-72791049577.2,3.0,947144091886.2101,936962601712.0,12018346361.619999,649963268423.36,324547245830.61755,1347978773600.0,3523000000.0
2019-09-12,471000000.0,-778700000.0,212960274010.0,-80443188910.0,3.0,894497939403.9299,911958062529.0,11885786259.62,650583818408.9,324547245830.61755,1480495858700.0,3215300000.0
2019-09-13,886100000.0,-621750000.0,0.0,0.0,3.0,907527465995.9299,911961824532.0,12040211490.619999,646283116257.05,324547245830.6175,1480495858700.0,3479650000.0
2019-09-14,877850000.0,-280300000.0,0.0,0.0,3.0,911331124932.13,911965216901.0,12174729840.619999,642881802986.66,324547245830.61755,1480495858700.0,4077200000.0
2019-09-15,527150000.0,-601200000.0,93941314190.0,-119670285790.0,3.0,906040059380.08,911909364703.0,10848044351.930002,640765425460.9,299382571113.5138,1454766887100.0,4003150000.0
2019-09-16,621400000.0,-670500000.0,62578568919.0,-109125149019.0,3.0,796480036650.33,922605635564.0,10798698939.88,639956206258.1,299382571113.51373,1408220307000.0,3954050000.0
2019-09-17,644300000.0,-1439800000.0,52807829169.0,-83408373769.0,3.0,824453898251.3099,923157623953.0,11313043069.880001,635180054122.0901,299382571113.5138,1377619762400.0,3158550000.0
2019-09-18,559750000.0,-844350000.0,237208896227.8,-48349657727.8,3.0,854267961138.89,923002606342.0,11322513027.800001,632229675070.37,299382571113.5138,1566479000900.0,2873950000.0
2019-09-19,765800000.0,-684450000.0,271293701114.0,-283973976514.0,3.0,909569894404.58,923162909722.0,19504309906.3,631452958192.4401,299382571113.5138,1553798725500.0,2955300000.0
2019-09-20,1050050000.0,-784650000.0,0.0,0.0,3.0,963064961378.58,923158072112.0,19685750872.500004,627384824059.05,299382571113.5138,1553798725500.0,3220700000.0
2019-09-21,465850000.0,-397250000.0,0.0,0.0,3.0,967363897395.3799,923160172488.0,19789813478.500004,623918123121.65,299382571113.5138,1553798725500.0,3289300000.0
2019-09-22,630100000.0,-617900000.0,67260679656.0,-130602720856.0,3.0,978617767066.59,922093621892.0,11809594221.5,621008506502.6001,299382571113.5138,1490456684300.0,3301500000.0
2019-09-23,438300000.0,-519650000.0,130397462063.0,-119314501663.0,3.0,867823431378.3099,876573631093.0,12123946838.499998,628131545399.4,309160297915.3037,1501539644700.0,3220150000.0
2019-09-24,719950000.0,-828750000.0,90173322377.0,-71028828574.0,3.0,731156778714.9102,876624646613.0,11041062890.5,651015900396.2999,309160297915.3037,1520684138503.0,3111350000.0
2019-09-25,389350000.0,-868450000.0,179622009493.0,-63600967393.0,3.0,863487717616.4901,866585716318.0,10787415093.300001,652817784909.4299,309160297915.3037,1636705180603.0,2632250000.0
2019-09-26,1755800000.0,-827600000.0,60428540026.0,-69346707726.0,3.0,1575263141432.91,865436118047.0,11994627933.300001,649125616986.99,309160297915.3037,1627787012903.0,3560450000.0
2019-09-27,690850000.0,-1140950000.0,1202193500.0,-1158618700.0,3.0,1589503821867.51,865339999051.0,11959253912.3,642062748874.95,309160297915.3037,1627830587703.0,3110350000.0
2019-09-28,780300000.0,-266250000.0,150010000.0,0.0,3.0,1593993917874.76,865402070558.0,12151962630.3,637381799820.63,309160297915.3038,1627980597703.0,3624400000.0
2019-09-29,880550000.0,-1408750000.0,159229291790.0,-101541646190.0,3.0,1427682783509.53,866536695805.0,12093795490.039999,647294623985.82,309160297915.3038,1685668243303.0,3096200000.0
2019-09-30,857750000.0,-1195100000.0,178041213944.0,-133188250144.0,3.0,776507784187.23,864458820589.0,13971241645.039999,687030333495.34,308423062860.89624,1730521207103.0,2758850000.0
2019-10-01,738300000.0,-827950000.0,76355106651.5,-65741684451.5,3.0,816864989057.93,863822874556.0,11757135331.039999,677023898459.22,308423062860.89624,1741134629303.0,2669200000.0
2019-10-02,1029900000.0,-818900000.0,130368537381.0,-72383749551.0,3.0,739849526982.49,776557448208.0,11894218550.24,667007486764.37,308423062860.89624,1799119417133.0,2880200000.0
2019-10-03,509750000.0,-871600000.0,440022535784.0,-163820556884.0,3.0,644804210954.21,778829829905.0,10916513279.039999,670872636530.32,308423062860.89624,2075321396033.0,2518350000.0
2019-10-04,712600000.0,-551550000.0,0.0,0.0,3.0,655648764056.21,778831203161.0,11065699533.039999,663744506263.5498,308423062860.89624,2075321396033.0,2679400000.0
2019-10-05,811250000.0,-351350000.0,0.0,0.0,3.0,660137359126.01,778909762079.0,10923707233.039999,658722414574.77,308423062860.89624,2075321396033.0,3139300000.0
2019-10-06,1248000000.0,-950300000.0,165774225598.8,-88142522698.8,3.0,958219004988.7,780224844123.0,12180329508.039999,655529942138.8401,308423062860.89624,2152953098932.9998,3437000000.0
2019-10-07,1043400000.0,-791100000.0,86487947267.0,-81054789167.0,3.0,966583374051.1799,781356169587.0,12207785327.039999,655046292163.9899,345024867054.305,2158386257033.0,3689300000.0
2019-10-08,669650000.0,-802450000.0,112939650323.0,-137701113923.0,3.0,929169496089.78,781057277975.0,10833704089.519999,647558130385.1299,345024867054.305,2133624793433.0,3556500000.0
2019-10-09,419800000.0,-716750000.0,112294984029.68,-58653823229.68,3.0,841130175535.21,781057967259.0,10527940639.609999,647703623418.7299,345024867054.305,2187265954233.0002,3259550000.0
2019-10-10,667050000.0,-968750000.0,113056969204.0,-60146616904.0,3.0,717782745072.21,910375190089.0,10800426705.61,651618171253.76,345024867054.305,2240176306533.0,2957850000.0
2019-10-11,1010100000.0,-646400000.0,0.0,0.0,3.0,728034267501.21,910333211857.0,10965105645.609999,646153072802.3799,345024867054.305,2240176306533.0,3321550000.0
2019-10-12,581550000.0,-275350000.0,0.0,0.0,3.0,731828752855.8099,910228767467.0,10761204499.609999,641710575907.4799,345024867054.305,2240176306533.0,3627750000.0
2019-10-13,583050000.0,-709700000.0,82848667399.18,-98776611399.18,3.0,939647843153.69,777729548547.0,10438461794.519999,643250785354.2899,345024867054.305,2224248362533.0,3501100000.0
2019-10-14,707600000.0,-726900000.0,121879038609.4,-145571335509.4,3.0,790311449259.12,778967591245.0,10696506011.519999,652369356755.5199,345024867054.305,2200556065633.0,3481800000.0
2019-10-15,467600000.0,-787000000.0,86987682914.0,-98271365814.0,3.0,837789420809.34,779419709761.0,10664078196.52,648041261195.8201,281825275880.5613,2189272382733.0,3162400000.0
2019-10-16,485650000.0,-802400000.0,79306467713.0,-63624297446.0,3.0,807915680160.74,779979513100.0,10757227665.52,646406203389.9701,281825275880.5612,2204954553000.0,2845650000.0
2019-10-17,708650000.0,-706850000.0,179392607337.6,-61983420537.6,3.0,555605549904.6301,952209443516.0,10896834675.52,646366698170.28,281825275880.5613,2322363739800.0,2847450000.0
2019-10-18,659100000.0,-621150000.0,0.0,0.0,3.0,580314387386.63,952204697964.0,10957446148.52,641856922273.91,281825275880.5612,2322363739800.0,2885400000.0
2019-10-19,687850000.0,-401250000.0,0.0,0.0,3.0,593236854984.63,952205297142.0,10803584501.52,637749571749.5999,281825275880.5613,2322363739800.0,3172000000.0
2019-10-20,570200000.0,-762300000.0,122558662313.0,-135092144813.0,3.0,1131575436102.22,784121480584.0,16315851497.930002,632792610290.3,279219758665.70874,2309830257300.0,2979900000.0
2019-10-21,557100000.0,-547050000.0,92026198858.2,-89249905658.2,3.0,1186738520600.54,784118735124.0,10419495484.93,625569690517.4801,279219758665.70874,2312606550500.0,2989950000.0
2019-10-22,724800000.0,-617400000.0,110445902665.0,-77625030032.0,3.0,1139553080533.64,784245709220.0,10479261674.93,621520728573.74,279219758665.70874,2345427423133.0,3097350000.0
2019-10-23,534350000.0,-573650000.0,107170042843.0,-37043964243.0,3.0,1103056413914.13,782069949414.0,10998801218.930002,624934083286.69,289816171410.91626,2415553501733.0,3058050000.0
2019-10-24,599950000.0,-849250000.0,210802883615.0,-138360170615.0,3.0,588775485387.54,1222722847644.0,10253775041.730001,647542942790.01,289816171410.91626,2487996214733.0,2808750000.0
2019-10-25,804050000.0,-420500000.0,0.0,0.0,3.0,612879247909.74,1222723292292.0,10441193066.53,639567711316.72,289816171410.91626,2487996214733.0,3192300000.0
2019-10-26,1014050000.0,-331600000.0,0.0,0.0,3.0,614470823158.74,1222723466964.0,10493798023.530005,634506310471.4,289816171410.91626,2487996214733.0,3874750000.0
2019-10-27,680700000.0,-693500000.0,180408277980.0,-129199180380.0,3.0,1268172483590.54,786568518438.0,10456339342.53,636974859610.67,289816171410.91626,2539205312333.0,3861950000.0
2019-10-28,614800000.0,-987700000.0,111207658445.0,-80379770145.0,3.0,1250377063653.7102,786588298145.0,13950629440.730001,636744004993.34,289816171410.91626,2570033200633.0,3489050000.0
2019-10-29,530100000.0,-619850000.0,60740091934.0,-59074470734.0,3.0,2223887095930.2197,786123755173.0,13587944050.130003,635596699344.75,289816171410.91626,2571698821833.0,3399300000.0
2019-10-30,560400000.0,-883450000.0,133633383502.6,-59485459602.6,3.0,2154068725344.82,785867314699.0,14091036384.930004,637149897449.5599,289816171410.9163,2645846745733.0,3076250000.0
2019-10-31,754750000.0,-1078200000.0,284348630427.0,-114541560360.0,3.0,709642630130.6901,1345491857836.0,15610473181.23,696208115380.46,293637984107.8125,2815653815800.0,2752800000.0
2019-11-01,1041650000.0,-548050000.0,0.0,0.0,3.0,724629553550.6901,1345487764460.0,15763268170.230003,683466473193.11,293637984107.81244,2815653815800.0,3246400000.0
2019-11-02,932350000.0,-422700000.0,0.0,0.0,3.0,728283019493.0901,1345638044869.0,15352742310.23,675776008382.58,293637984107.8125,2815653815800.0,3756050000.0
2019-11-03,821150000.0,-1505550000.0,125160315580.0,-98746593480.0,3.0,1318281746256.09,732600766266.0,13957801954.230001,656274550186.68,293637984107.81244,2842067537900.0,3071650000.0
2019-11-04,591450000.0,-662200000.0,149131436376.0,-92716028876.0,3.0,1209031356278.2903,792388975553.0,13486042480.230003,653557773719.15,293637984107.81244,2898482945400.0,3000900000.0
2019-11-05,507400000.0,-696500000.0,61788122832.0,-75478914832.0,3.0,1182418851355.12,769580340150.0,14920679855.520002,648040181584.69,293637984107.81244,2884792153400.0,2811800000.0
2019-11-06,578700000.0,-639200000.0,87152363160.0,-78985111460.0,3.0,1133759211383.2502,769111315111.0,12841024217.72,646646026716.12,293637984107.81244,2892959405100.0,2751300000.0
2019-11-07,592400000.0,-640300000.0,166210859373.0,-115268371773.0,3.0,689026217065.4501,1174330652465.0,11425986322.83,648951712233.47,353099450117.0425,2943901892700.0,2703400000.0
2019-11-08,993400000.0,-482450000.0,0.0,0.0,3.0,694450361973.4501,1174333083328.0,11590375765.829998,643807234070.8401,353099450117.0425,2943901892700.0,3214350000.0
2019-11-09,677700000.0,-284700000.0,0.0,0.0,3.0,690586940505.4501,1174333424526.0,11771342031.83,639028291635.05,353099450117.0425,2943901892700.0,3607350000.0
2019-11-10,685050000.0,-746400000.0,110522988698.0,-106374486598.0,3.0,1124459483373.4502,767582186678.0,11741775748.83,634004119325.36,353099450117.0425,2948050394800.0,3546000000.0
2019-11-11,702250000.0,-642400000.0,87895001771.0,-128507695771.0,3.0,1115096042288.89,747557760043.0,11854794531.83,633103800364.98,353099450117.0425,2907437700800.0,3605850000.0
2019-11-12,825400000.0,-1368500000.0,88120375309.0,-75378220409.0,3.0,1151914388067.11,773903462151.0,11571497183.829998,627708635403.54,353099450117.0425,2920179855700.0,3062750000.0
2019-11-13,641200000.0,-600550000.0,71766051458.0,-54768980158.0,3.0,1096599155117.61,774270326117.0,11001458943.829998,627254549474.44,353099450117.0425,2937176927000.0,3103400000.0
2019-11-14,551050000.0,-668400000.0,178412171277.0,-61626098577.0,3.0,595582012121.15,1230661535969.0,11313411950.83,632289352014.44,353099450117.0425,3053962999700.0,2986050000.0
2019-11-15,558500000.0,-614750000.0,0.0,0.0,3.0,606823297326.15,1230717520774.0,11426123154.23,627322838765.11,336932974893.2937,3053962999700.0,2929800000.0
2019-11-16,1044950000.0,-338850000.0,0.0,0.0,3.0,611077903273.15,1230714342687.0,11614647950.229998,623639146207.1599,336932974893.29376,3053962999700.0,3635900000.0
2019-11-17,826000000.0,-1021800000.0,84981087643.68,-109823241243.68,3.0,850599595165.5399,775387102982.0,11606768176.23,620662534778.86,336932974893.2938,3029120846100.0,3440100000.0
2019-11-18,575550000.0,-534800000.0,60600714568.0,-95809021668.0,3.0,880954568832.14,774909135569.0,11912349944.23,626030594376.9199,336932974893.2938,2993912539000.0,3480850000.0
2019-11-19,457250000.0,-642200000.0,90640876797.0,-91574262197.0,3.0,893612641204.7899,774954497735.0,11580719627.509998,622690311951.75,336932974893.29376,2992979153600.0,3295900000.0
2019-11-20,656500000.0,-1106300000.0,124106624307.0,-98654474207.0,3.0,862029624655.36,774257734908.0,11702098534.550003,627805314599.15,336932974893.29376,3018431303700.0,2846100000.0
2019-11-21,766250000.0,-572250000.0,177865131609.6,-103063222509.6,3.0,795733868777.34,779517312763.0,11696573849.610003,636588300975.49,336932974893.2937,3093233212800.0,3040100000.0
2019-11-22,1122750000.0,-480300000.0,0.0,0.0,3.0,793871314028.74,779517312763.0,11745935044.85,631109618953.5599,336932974893.2938,3093233212800.0,3682550000.0
2019-11-23,729300000.0,-279600000.0,0.0,0.0,3.0,798215802767.7399,779517312763.0,11877668574.090002,627085063218.81,314892271387.3649,3093233212800.0,4132250000.0
2019-11-24,883000000.0,-1302850000.0,137715627530.0,-103748465530.0,3.0,816881012729.54,729321441460.0,11313416859.070004,644249296414.03,314892271387.3649,3127200374800.0,3712400000.0
2019-11-25,511200000.0,-689850000.0,124020348092.4,-97441092292.4,3.0,907532356534.39,729437246565.0,11147924602.900002,640692728849.67,314892271387.3649,3153779630600.0,3533750000.0
2019-11-26,532400000.0,-630350000.0,72643483230.0,-92616592430.0,3.0,1194476740199.9502,729405500765.0,11184434796.130001,639357551961.99,314892271387.3649,3133806521400.0,3435800000.0
2019-11-27,752550000.0,-687100000.0,94476556434.2,-54968349534.2,3.0,1965961499528.55,754465729955.0,12404437360.380001,638526708673.0701,314892271387.3649,3173314728300.0,3501250000.0
2019-11-28,829400000.0,-1017450000.0,363969641352.8,-100828913452.8,3.0,1564873446741.4602,943063014775.0,16406796394.67,644052773996.73,314892271387.365,3436455456200.0,3313200000.0
2019-11-29,981900000.0,-662900000.0,17427686500.0,-17381968600.0,3.0,1563680947987.66,943076820709.0,14961018746.93,642500655002.6799,314892271387.3649,3436501174100.0,3632200000.0
2019-11-30,995800000.0,-376850000.0,0.0,0.0,3.0,1487560935853.1199,943080506701.0,17759486246.87,685257058338.79,289434557036.4638,3436501174100.0,4251150000.0
2019-12-01,1338650000.0,-1165150000.0,120971526809.0,-137674790009.0,3.0,971879577085.24,791929703876.0,14934896485.58,677649028088.77,289434557036.46375,3419797910900.0,4424650000.0
2019-12-02,789550000.0,-983000000.0,119105601300.0,-79184860200.0,3.0,1131435436847.6501,792129735220.0,13136625715.620003,668935999798.58,289434557036.46375,3459718652000.0,4231200000.0
2019-12-03,796300000.0,-939800000.0,145551663712.0,-81505938112.0,3.0,1083203915975.63,780579226907.0,13483480185.689999,666451201876.6,289434557036.46375,3523764377600.0,4087700000.0
2019-12-04,497100000.0,-990450000.0,97556118362.0,-63918352462.0,3.0,930546338346.08,781621161640.0,14751372530.71,663467419288.77,289434557036.46375,3557402143500.0,3594350000.0
2019-12-05,426450000.0,-904400000.0,238783285643.0,-52076107943.0,3.0,713453671249.1599,1002818161640.0,16251673134.260002,681006877257.0402,289434557036.46375,3744109321200.0,3116400000.0
2019-12-06,692850000.0,-642550000.0,158994300.0,0.0,3.0,725549220366.16,1002818312798.0,15120793922.189999,673875177725.29,289434557036.46375,3744268315500.0,3166700000.0
2019-12-07,875550000.0,-361900000.0,0.0,0.0,3.0,729671367084.1599,1002113752438.0,15219103705.49,668329659588.15,339029809802.3637,3744268315500.0,3680350000.0
2019-12-08,774250000.0,-760350000.0,122777167812.0,-115462315612.0,3.0,992116246883.48,779974511775.0,15212560811.13,671671630454.49,339029809802.3637,3751583167700.0,3694250000.0
2019-12-09,734600000.0,-652800000.0,28553354582.0,-84648097682.0,3.0,992221107587.48,779937843047.0,16069441976.64,672968890752.0701,339029809802.3637,3695488424600.0,3776050000.0
2019-12-10,721300000.0,-588750000.0,76714012193.0,-85178202893.0,3.0,1029928531171.27,780486490460.0,15381770756.77,675649764565.02,339029809802.3637,3687024233900.0,3908600000.0
2019-12-11,848450000.0,-1494950000.0,92920925390.0,-50648884890.0,3.0,1023099263809.2599,780924154260.0,14796319740.97,682085903098.9999,339029809802.3637,3729296274400.0,3262100000.0
2019-12-12,532300000.0,-543200000.0,246395363230.0,-93849918930.0,3.0,939694960617.68,782975443019.0,14253798207.499998,681304148255.1201,339029809802.3637,3881841718700.0,3251200000.0
2019-12-13,701700000.0,-615100000.0,192812700.0,0.0,3.0,950790845544.3099,782981318471.0,14382435316.879997,676157973432.1001,339029809802.3637,3882034531400.0,3337800000.0
2019-12-14,693400000.0,-337400000.0,0.0,0.0,3.0,955087203124.51,782982594728.0,14499365471.609999,671058208150.64,339029809802.3637,3882034531400.0,3693800000.0
2019-12-15,774200000.0,-517350000.0,109471966681.0,-113364609281.0,3.0,1196074885914.55,783194769771.0,13322810177.49,677483186170.2201,320726553483.9237,3878141888800.0,3950650000.0
2019-12-16,427350000.0,-623800000.0,67736398612.0,-106054718497.0,3.0,1102647870323.27,783317996255.0,14448724730.73,676616083666.5,320726553483.9237,3839823568915.0,3754200000.0
2019-12-17,560200000.0,-651750000.0,73282305209.0,-46814011624.0,3.0,1184119144817.3499,783319938983.0,16363183837.429998,676010709231.52,320726553483.92377,3866291862500.0,3662650000.0
2019-12-18,729900000.0,-745050000.0,76271680477.0,-71633606477.0,3.0,1367598469206.64,783380080325.0,25202706801.27,684797818810.71,320726553483.9237,3870929936500.0,3647500000.0
2019-12-19,591750000.0,-583650000.0,656925500445.0,-77838136221.0,3.0,1140677770459.7102,973256073616.0,19939260430.559998,693299346277.2101,320726553483.9237,4450017300724.0,3655600000.0
2019-12-20,676350000.0,-479250000.0,0.0,0.0,3.0,1184869236294.7102,973256167624.0,20117723316.500004,686486152797.16,320726553483.9237,4450017300724.0,3852700000.0
2019-12-21,413250000.0,-156850000.0,220000000.0,0.0,3.0,1186559486913.71,973258309206.0,20236000767.409996,681380855681.9601,320726553483.92377,4450237300724.0,4109100000.0
2019-12-22,776850000.0,-1446850000.0,89273258409.0,-177940290309.0,3.0,1489675914701.1501,874977516799.0,16241770330.849998,700493166660.44,320726553483.9237,4361570268824.0,3439100000.0
2019-12-23,1508600000.0,-732400000.0,1877817000.0,-1702360700.0,3.0,1499539632093.5498,874977791037.0,16419824569.27,693299843815.46,306312915754.7475,4361745725124.0,4215300000.0
2019-12-24,1111500000.0,-409800000.0,0.0,0.0,3.0,1505556093781.15,874878719080.0,15404112600.489998,688169904987.2502,306312915754.7475,4361745725124.0,4917000000.0
2019-12-25,1043800000.0,-1550500000.0,237486262609.55002,-171867624309.55002,3.0,1546583349339.48,859268778206.0,14966190264.1,684378789567.49,306312915754.7475,4427364363424.0,4410300000.0
2019-12-26,884200000.0,-2670100000.0,82906644696.0,-153370522396.0,3.0,1353379162709.58,1563084175804.0,45944388788.45,685796237218.41,306312915754.7475,4356900485724.0,2624400000.0
2019-12-27,966950000.0,-713050000.0,2362354900.0,-2068738200.0,3.0,1358333902648.71,1593084498112.0,15707667649.589998,680387807966.26,306312915754.7475,4357194102424.0,2878300000.0
2019-12-28,512050000.0,-485850000.0,88721000.0,0.0,3.0,1356266779918.71,1593006567736.0,15922333524.689999,676191781275.56,306312915754.7475,4357282823424.0,2904500000.0
2019-12-29,971600000.0,-829000000.0,57129513895.0,-147755009895.0,3.0,2612534274400.1196,1209846872804.0,16602067447.769999,681681490339.89,306312915754.7475,4266657327424.0,3047100000.0
2019-12-30,754450000.0,-775000000.0,78721738675.2,-133166459799.2,3.0,2085749309869.16,1379157645530.0,14810667596.51,692805511295.0,306312915754.7475,4212212606300.0,3026550000.0
2019-12-31,402100000.0,-479500000.0,0.0,0.0,3.0,1982458062029.66,1379159734515.0,15090711042.06,690047184836.88,350040986420.28253,4212212606300.0,2949150000.0
2020-01-01,722300000.0,-917850000.0,105667992458.0,-152341706358.0,3.0,1825869748966.53,1114108016118.0,16274417166.370003,713771260299.01,350040986420.28253,4165538892400.0,2753600000.0
2020-01-02,1854750000.0,-904350000.0,236451927813.0,-121633902813.0,3.0,1056742829614.1901,1438424380326.0,12784259296.519999,704337327204.6,350040986420.28253,4280356917400.0,3704000000.0
2020-01-03,844500000.0,-741200000.0,0.0,0.0,3.0,1062475922900.1901,1438426044862.0,12856108313.07,697151226992.26,350040986420.28253,4280356917400.0,3807300000.0
2020-01-04,1501350000.0,-415600000.0,0.0,0.0,3.0,1066393638719.1901,1438426255489.0,13117128610.58,690611286463.85,350040986420.28253,4280356917400.0,4893050000.0
2020-01-05,728750000.0,-1083300000.0,105620905467.0,-125717362267.0,3.0,1344841801733.48,1058611359901.0,16553549844.15,683224646132.2899,350040986420.2825,4260260460600.0,4538500000.0
2020-01-06,777900000.0,-710650000.0,140597593853.41,-119021863853.41,3.0,1281688101726.11,980422558989.0,16006260250.779999,682383699006.57,350040986420.2825,4281836190600.0,4605750000.0
2020-01-07,510550000.0,-517600000.0,53799711333.34,-99883545833.34,3.0,1153433085893.27,1027313157548.0,16419247013.4,674831077063.11,451620877687.1213,4235752356100.0,4598700000.0
2020-01-08,414450000.0,-501750000.0,103450878093.0,-85770688278.0,3.0,1104365758276.27,1027845444820.0,17732872508.56,673840617541.75,451620877687.1212,4253432545915.0,4511400000.0
2020-01-09,614000000.0,-970250000.0,188862568143.0,-84146794258.0,3.0,683718383230.27,1368819248837.0,18159891711.16,674785939105.14,451620877687.1213,4358148319800.0,4155150000.0
2020-01-10,831050000.0,-598100000.0,0.0,0.0,3.0,695084811001.27,1368821795355.0,18364979858.760002,670524744658.74,451620877687.1213,4358148319800.0,4388100000.0
2020-01-11,468300000.0,-417200000.0,0.0,0.0,3.0,700130276239.27,1368821818047.0,18580568463.620003,666919880297.04,451620877687.1212,4358148319800.0,4439200000.0
2020-01-12,750850000.0,-724950000.0,57637699847.0,-113566002347.0,3.0,1087527243266.67,1057897381938.0,17997691513.489998,660226888275.28,451620877687.1212,4302220017300.0,4465100000.0
2020-01-13,601250000.0,-938550000.0,107981960914.0,-109305625414.0,3.0,1006877689868.62,1055975652413.0,17604169603.4,660553245569.4,451620877687.1212,4300896352800.0,4127800000.0
2020-01-14,785450000.0,-506500000.0,80020267953.0,-81203792353.0,3.0,975281204493.3201,1007472255515.0,17737439110.91,661441106230.95,451620877687.1212,4299712828400.0,4406750000.0
2020-01-15,925150000.0,-837900000.0,98949665142.0,-77929715742.0,3.0,962880770477.1501,1007154412428.0,17994808065.88,656372692276.3,418433170024.07623,4320732777800.0,4494000000.0
2020-01-16,693950000.0,-1170350000.0,204134659746.2,-78928396846.2,3.0,918762067630.91,1037264306815.0,17680041965.079998,654019776426.9,418433170024.0763,4445939040700.0,4017600000.0
2020-01-17,824400000.0,-671450000.0,0.0,0.0,3.0,931951044658.4601,1037266431515.0,17836294492.27,649413292901.16,418433170024.07623,4445939040700.0,4170550000.0
2020-01-18,802850000.0,-433550000.0,0.0,0.0,3.0,939884725441.06,1037263464301.0,17897523709.420002,645978701078.01,418433170024.07623,4445939040700.0,4539850000.0
2020-01-19,919350000.0,-2027500000.0,89483728450.0,-128237521650.0,3.0,1088646333401.1599,999708959261.0,17543930457.18,645154986937.8,418433170024.07623,4407185247500.0,3431700000.0
2020-01-20,720250000.0,-509000000.0,100148988271.0,-118870731371.0,3.0,977743372821.26,999375192390.0,16213441225.960001,644842726056.86,418433170024.07623,4388463504400.0,3642950000.0
2020-01-21,952650000.0,-626000000.0,122800130598.6,-93872501298.6,3.0,987477465636.46,999319537965.0,22410068917.97,644067247672.7899,418433170024.07623,4417391133700.0,3969600000.0
2020-01-22,576000000.0,-664550000.0,80087291624.0,-48175031424.0,3.0,1314111100109.94,970050385321.0,16413659042.73,646927289464.8301,418433170024.0763,4449303393900.0,3881050000.0
2020-01-23,542100000.0,-1102250000.0,178676498330.0,-68833290330.0,3.0,653468292707.3601,1311402492709.0,16648881587.329996,667654992458.74,346486024457.29376,4559146601900.0,3320900000.0
2020-01-24,965550000.0,-580100000.0,0.0,0.0,3.0,655853778696.23,1311295346497.0,15471972063.52,661479212298.75,346486024457.29376,4559146601900.0,3706350000.0
2020-01-25,530600000.0,-389800000.0,0.0,0.0,3.0,659525129562.43,1311295382730.0,15652465300.759998,655641128186.9701,346486024457.29376,4559146601900.0,3847150000.0
2020-01-26,1387400000.0,-793550000.0,60973623160.0,-95813738760.0,3.0,1004807903839.4401,956218545128.0,15709778882.569998,657590483210.9701,346486024457.2937,4524306486300.0,4441000000.0
2020-01-27,598600000.0,-1083350000.0,161784129830.0,-83741763930.0,3.0,956630133848.39,953066820244.0,15548912213.349998,654321081439.7401,346486024457.29376,4602348852200.0,3956250000.0
2020-01-28,521800000.0,-706750000.0,88783607514.0,-68333713014.0,3.0,1275895722965.3901,961382453927.0,15635899031.2,645712288060.29,346486024457.29376,4622798746700.0,3771300000.0
2020-01-29,496050000.0,-696700000.0,70479124911.0,-61753353611.0,3.0,2138425580110.8699,928843436551.0,16680067528.069998,648917511931.42,346486024457.2938,4631524518000.0,3570650000.0
2020-01-30,823750000.0,-1253850000.0,327085322353.2,-120717655253.2,3.0,1503971641312.08,1200360840205.0,17724989189.87,652957210195.46,346486024457.29376,4837892185100.0,3140550000.0
2020-01-31,880350000.0,-811850000.0,11300000.0,0.0,3.0,1445845455544.84,1200365979619.0,20253717458.079998,692470259366.3701,336556657044.7438,4837903485100.0,3209050000.0
2020-02-01,970200000.0,-511250000.0,0.0,0.0,3.0,1446848699805.8901,1200367463423.0,20485188325.95,681614132703.5701,336556657044.7438,4837903485100.0,3668000000.0
2020-02-02,1463500000.0,-963100000.0,155759706182.0,-114025077432.0,3.0,1155238427571.6301,855983715438.0,16666875877.57,673314844271.8201,336556657044.7438,4879638113850.0,4168400000.0
2020-02-03,616150000.0,-1254450000.0,149039582798.6,-88887096598.6,3.0,1013599382041.99,856105808328.0,17440330352.46,668139105345.1199,336556657044.7438,4939790600050.0,3530100000.0
2020-02-04,499500000.0,-665000000.0,97150579946.0,-67460286346.0,3.0,948153911361.23,856337843966.0,18887153243.27,664575445408.9299,336556657044.7438,4969480893650.0,3364600000.0
2020-02-05,455200000.0,-711300000.0,90524818701.0,-56579837001.0,3.0,1060968960651.59,848389953268.0,16853673551.9,662273199226.0001,336556657044.7438,5003425875350.0,3108500000.0
2020-02-06,1245300000.0,-903100000.0,239336618402.0,-89377788502.0,3.0,625245569101.8601,1219247624911.0,17290552438.03,655878843516.2001,336556657044.74384,5153384705250.0,3450700000.0
2020-02-07,635700000.0,-751100000.0,1511294100.0,-1367012400.0,3.0,636091649707.0199,1219247965514.0,17435522169.21,649974899710.25,361809224603.3163,5153528986950.0,3335300000.0
2020-02-08,438650000.0,-354150000.0,0.0,0.0,3.0,640068243492.02,1219242948313.0,17610200520.69,645339082460.75,361809224603.3163,5153528986950.0,3419800000.0
2020-02-09,719950000.0,-898150000.0,83475881375.0,-100730297875.0,3.0,1039313224047.9299,847129334871.0,17524894992.65,647542266684.0701,361809224603.3162,5136274570450.0,3241600000.0
2020-02-10,701150000.0,-859900000.0,34826287958.0,-83024099458.0,3.0,1047037326311.6599,847467806660.0,17645634435.58,648878705747.77,361809224603.3162,5088076758950.0,3082850000.0
2020-02-11,450550000.0,-581500000.0,91780541007.0,-96177482107.0,3.0,1011041097839.76,847618386358.0,17642224628.79,644084612003.4901,361809224603.3162,5083679817850.0,2951900000.0
2020-02-12,1031150000.0,-843450000.0,86079722151.0,-55912118751.0,3.0,988794576333.1599,847083614536.0,15406173350.01,639449233576.33,361809224603.3162,5113847421250.0,3139600000.0
2020-02-13,1677800000.0,-1487300000.0,202697541593.0,-77237605393.0,3.0,572709399412.36,1274715317421.0,15329499048.23,639390107622.05,361809224603.3162,5239307357450.0,3330100000.0
2020-02-14,372200000.0,-758950000.0,1743660400.0,-1603634400.0,3.0,580948404142.5599,1274722588436.0,15500828095.11,634255132501.4701,361809224603.3163,5239447383450.0,2943350000.0
2020-02-15,368450000.0,-306950000.0,0.0,0.0,3.0,584869602673.56,1274668562725.0,15626828956.75,630319123254.48,349265037787.81,5239447383450.0,3004850000.0
2020-02-16,692500000.0,-793200000.0,89012059568.0,-108669286898.0,3.0,1130359511891.53,859426166045.0,15475766862.650002,625573898706.21,349265037787.81,5219790156120.0,2904150000.0
2020-02-17,541850000.0,-612650000.0,57465114455.6,-81359645855.6,3.0,1027486011028.6399,858735134049.0,15655039831.53,627097795786.76,349265037787.81006,5195895624720.0,2833350000.0
2020-02-18,547450000.0,-549800000.0,100718782450.0,-126270593350.0,3.0,984587835360.48,858730166934.0,14614000951.13,625827341834.25,349265037787.81006,5170343813820.0,2831000000.0
2020-02-19,448800000.0,-583600000.0,89786004224.3,-81131115475.0,3.0,992337663215.3699,859155014447.0,20494868768.5,623633509663.44,349265037787.81006,5178998702569.3,2696200000.0
2020-02-20,1624500000.0,-887600000.0,222706271384.0,-98955864253.0,3.0,809438881805.5,1059505543795.0,14528719493.31,627209683206.0701,349265037787.81,5302749109700.3,3433100000.0
2020-02-21,769850000.0,-425350000.0,138998300.0,0.0,3.0,824632028307.25,1059520376166.0,14679559299.830002,623557016392.97,349265037787.81,5302888108000.3,3777600000.0
2020-02-22,747450000.0,-280150000.0,0.0,0.0,3.0,829622779348.7,1059520533818.0,14723341399.32,619527306843.78,349265037787.81,5302888108000.3,4244900000.0
2020-02-23,529750000.0,-889900000.0,86259856255.0,-98306814855.0,3.0,1037089561059.22,848430533818.0,14431455340.760002,617056714583.39,315253764077.21875,5290841149400.3,3884750000.0
2020-02-24,698700000.0,-900250000.0,94683678895.0,-138167377695.0,3.0,823227719897.8201,859366560336.0,13515194223.82,640403913246.7101,315253764077.2187,5247357450600.3,3683200000.0
2020-02-25,454100000.0,-831800000.0,90100942422.7,-83960320423.0,3.0,1129267012601.4202,858604125528.0,13879487606.01,633399737573.4099,315253764077.21875,5253498072600.0,3305500000.0
2020-02-26,549000000.0,-684350000.0,99926698980.0,-53930938780.0,3.0,1998125852692.62,856385495884.0,13643642201.02,642175369831.64,315253764077.2187,5299493832800.0,3170150000.0
2020-02-27,1319850000.0,-1101750000.0,247982555431.0,-59668070831.0,3.0,1499315747892.4001,837964601229.0,15837355833.38,644067503932.77,315253764077.2187,5487808317400.0,3388250000.0
2020-02-28,1023450000.0,-1043050000.0,13998789300.0,-13238790000.0,3.0,1474236531790.8003,837972754145.0,15726197871.800001,639460363506.6799,315253764077.21875,5488568316700.0,3368650000.0
2020-02-29,686250000.0,-526050000.0,0.0,0.0,3.0,1397306359962.84,837975549429.0,18246670295.97,681292169026.63,315642806450.95374,5488568316700.0,3528850000.0
2020-03-01,851300000.0,-1108750000.0,204480946295.4,-151947200783.4,3.0,1075332373220.7999,838784637002.0,16680805128.48,665366506241.47,315642806450.95374,5541102062212.0,3271400000.0
2020-03-02,873900000.0,-895600000.0,108506695439.0,-77635785951.0,3.0,928041635737.21,834448974723.0,14551167176.98,652631775551.3402,315642806450.9538,5571972971700.0,3249700000.0
2020-03-03,628700000.0,-777450000.0,122813494331.0,-61791228331.0,3.0,892090322481.21,834579347168.0,15040838245.44,646884226048.2701,315642806450.9538,5632995237700.0,3100950000.0
2020-03-04,1217700000.0,-700650000.0,142426479923.32,-56978453823.32,3.0,835978611275.36,835293442953.0,16771249466.51,648592384793.3201,315642806450.9538,5718443263800.0,3618000000.0
2020-03-05,671900000.0,-705150000.0,243539756951.28,-57433157451.28,3.0,798853681406.32,810533442953.0,17228928228.879997,646384359712.49,315642806450.95374,5904549863300.0,3584750000.0
2020-03-06,1173700000.0,-748900000.0,603049900.0,0.0,3.0,802845757960.9199,810533878925.0,16124961968.529999,640852066966.73,315642806450.9538,5905152913200.0,4009550000.0
2020-03-07,725350000.0,-415400000.0,0.0,0.0,3.0,809318061677.9199,810534295105.0,16174633612.630001,635963993888.6499,353407988179.70135,5905152913200.0,4319500000.0
2020-03-08,872650000.0,-1359100000.0,44427345944.0,-86536568744.0,3.0,908197504364.74,829081453033.0,15876029209.34,649365223416.41,353407988179.70135,5863043690400.0,3833050000.0
2020-03-09,518750000.0,-632350000.0,61291344021.0,-104241147521.0,3.0,812420350630.27,860034056633.0,14354857974.500002,634651905669.7301,353407988179.70135,5820093886900.0,3719450000.0
2020-03-10,475400000.0,-839100000.0,38714588848.0,-72557403448.0,3.0,791288372444.27,866224528119.0,12270740757.71,635212845410.72,353407988179.70135,5786251072300.0,3355750000.0
2020-03-11,396450000.0,-708850000.0,71357931462.0,-53790738562.0,3.0,797379348476.13,891350667837.0,11679582693.130001,631194484813.89,353407988179.7013,5803818265200.0,3043350000.0
2020-03-12,1131650000.0,-991200000.0,229678719469.0,-50294975769.0,3.0,663706922875.53,1073989125963.0,11327192068.58,629345944722.66,353407988179.70123,5983202008900.0,3183800000.0
2020-03-13,583550000.0,-561800000.0,538827800.0,0.0,3.0,675080136921.53,1073994194178.0,11487390925.07,626244874974.81,353407988179.70123,5983740836700.0,3205550000.0
2020-03-14,507300000.0,-322800000.0,0.0,0.0,3.0,677606204406.73,1073945398396.0,11649778801.15,622251501395.74,353407988179.70123,5983740836700.0,3390050000.0
2020-03-15,569500000.0,-709250000.0,101859124012.0,-92998375312.0,3.0,925403742325.53,881941370254.0,11509950523.45,627939183407.08,307665109358.0113,5992601585400.0,3250300000.0
2020-03-16,673900000.0,-893750000.0,58461039643.0,-74696315743.0,3.0,884828123421.71,882091737821.0,12012965715.529999,632849398963.29,307665109358.0112,5976366309300.0,3030450000.0
2020-03-17,446750000.0,-586100000.0,59144614852.0,-60825034152.0,3.0,849267259679.9099,884904106123.0,12057442538.57,637023172504.72,307665109358.0112,5974685890000.0,2891100000.0
2020-03-18,358750000.0,-808700000.0,69005534621.0,-52265434821.0,3.0,848932452365.8999,884334135378.0,11833023275.74,629973701257.94,307665109358.0112,5991425989800.0,2441150000.0
2020-03-19,1062200000.0,-565400000.0,193094315587.4,-51268636687.4,3.0,859056563475.72,912829460000.0,20403994610.53,624676073533.97,307665109358.0112,6133251668700.0,2937950000.0
2020-03-20,872650000.0,-487350000.0,0.0,0.0,3.0,864454486433.1201,912836855418.0,20642162770.140003,621239902849.8401,307665109358.0112,6133251668700.0,3323250000.0
2020-03-21,950750000.0,-233000000.0,0.0,0.0,3.0,868476339444.12,912838994692.0,20797519924.25,617587944508.64,307665109358.0112,6133251668700.0,4041000000.0
2020-03-22,478900000.0,-569450000.0,165807905474.0,-110126197374.0,3.0,737716472794.4099,882310151664.0,12230840864.380001,623735260630.6299,307665109358.0112,6188933376800.0,3950450000.0
2020-03-23,469600000.0,-689600000.0,146831364705.8,-72632555005.8,3.0,662837379924.08,882816428886.0,12213187577.48,647718959610.82,293487525021.8088,6263132186500.0,3730450000.0
2020-03-24,637200000.0,-167650000.0,0.0,0.0,3.0,665471845045.2301,882642352374.0,11396288525.18,641273498278.2098,293487525021.8087,6263132186500.0,4200000000.0
2020-03-25,608400000.0,-729800000.0,124814516640.0,-75361000640.0,3.0,626731240613.33,897996563870.0,11535992808.830002,640631071079.12,293487525021.8088,6312585702500.0,4078600000.0
2020-03-26,465050000.0,-550250000.0,286689486972.0,-146542035172.0,3.0,757704704003.43,894266950660.0,11433124547.050001,644630048671.6,293487525021.8087,6452733154300.0,3993400000.0
2020-03-27,553850000.0,-473250000.0,0.0,0.0,3.0,756052466005.43,894269500480.0,11304377866.87,640573049625.3699,293487525021.8087,6452733154300.0,4074000000.0
2020-03-28,836600000.0,-139600000.0,0.0,0.0,3.0,758367141490.43,894271526582.0,11386967141.480001,637927641110.32,293487525021.8088,6452733154300.0,4771000000.0
2020-03-29,482200000.0,-1305550000.0,80599574434.0,-68853018034.0,3.0,1571856040118.84,894286246543.0,12819568564.09,640529792894.0499,293487525021.8087,6464479710700.0,3947650000.0
2020-03-30,262550000.0,-566200000.0,85260520288.0,-52793551388.0,3.0,1220414862124.7402,894329888703.0,13540826381.16,668497573335.9199,293487525021.8087,6496946679600.0,3644000000.0
2020-03-31,455050000.0,-890350000.0,117304523864.0,-94975335764.0,3.0,771479758992.68,895365977628.0,12047829592.64,698992705252.8699,298886481080.77,6519275867700.0,3208700000.0
2020-04-01,1126550000.0,-604000000.0,114779347123.0,-49825280423.0,3.0,721976053175.38,895153667998.0,12533787780.17,685503749345.83,298886481080.77,6584229934400.0,3731250000.0
2020-04-02,502250000.0,-743600000.0,251063676973.0,-63510194973.0,3.0,615203773848.99,895456089086.0,12357748059.590002,682571556753.2799,298886481080.76996,6771783416400.0,3489900000.0
2020-04-03,375300000.0,-285850000.0,0.0,0.0,3.0,626348576619.99,895458368757.0,12530697528.0,676418072872.28,298886481080.76996,6771783416400.0,3579350000.0
2020-04-04,696700000.0,-239700000.0,0.0,0.0,3.0,627985163155.99,895493402733.0,12673691263.65,670790372378.48,298886481080.77,6771783416400.0,4036350000.0
2020-04-05,485300000.0,-427050000.0,151537228669.0,-120710783669.0,3.0,610414603393.3099,894390217127.0,13761432554.69,667413561190.3899,298886481080.76996,6802609861400.0,4094600000.0
2020-04-06,316300000.0,-416200000.0,137065804959.0,-90057053859.0,3.0,552801201765.52,894470801381.0,13902888205.62,666891024522.9701,298886481080.77,6849618612500.0,3994700000.0
2020-04-07,338800000.0,-401050000.0,80738296800.0,-98583028400.0,3.0,587200213563.75,894157222963.0,14135190679.630001,674780786628.17,303308236022.5176,6831773880900.0,3932450000.0
2020-04-08,452250000.0,-472950000.0,379143442805.0,-149854064505.0,3.0,580099619434.75,875001544158.0,13634227664.96,680864325775.29,303308236022.5175,7061063259200.0,3911750000.0
2020-04-09,1174350000.0,-195550000.0,0.0,0.0,3.0,577262187893.75,874925598243.0,13742675518.75,675332575234.8,303308236022.5176,7061063259200.0,4890550000.0
2020-04-10,611550000.0,-242350000.0,0.0,0.0,3.0,582609720392.75,874928148655.0,13867360849.58,670990702721.7001,303308236022.5176,7061063259200.0,5259750000.0
2020-04-11,359450000.0,-164550000.0,0.0,0.0,3.0,587214824323.35,874928247409.0,14012248810.64,667540368024.1499,303308236022.5175,7061063259200.0,5454650000.0
2020-04-12,1610300000.0,-2129050000.0,64137438213.0,-104783403813.0,3.0,667508542437.3,873781499505.0,13140883122.720001,655547494951.6,303308236022.5175,7020417293600.0,4935900000.0
2020-04-13,1162000000.0,-969200000.0,29765770859.0,-83353724159.0,3.0,681403146424.72,874452641028.0,12046019966.77,651402273981.47,303308236022.5175,6966829340300.0,5128700000.0
2020-04-14,425550000.0,-937800000.0,101154566250.0,-105411343450.0,3.0,623775230868.4,875762308790.0,16573671131.51,656327791947.03,303308236022.5175,6962572563100.0,4616450000.0
2020-04-15,1053550000.0,-521350000.0,56269366429.0,-58164264229.0,3.0,610943779129.3301,875804506117.0,11891353320.01,652367012041.97,279114049517.185,6960677665300.0,5148650000.0
2020-04-16,549500000.0,-415600000.0,251091423618.0,-136453015818.0,3.0,584909285268.7299,875349506117.0,11732314668.66,650552003997.5201,279114049517.185,7075316073100.0,5282550000.0
2020-04-17,591050000.0,-312850000.0,0.0,0.0,3.0,593904132436.73,875352044992.0,11908077473.390001,646247425138.62,279114049517.185,7075316073100.0,5560750000.0
2020-04-18,307850000.0,-227750000.0,0.0,0.0,3.0,599061700863.3301,875352076339.0,11964472331.12,642750516546.07,279114049517.185,7075316073100.0,5640850000.0
2020-04-19,648050000.0,-1189850000.0,88550188926.0,-80554266626.0,3.0,577605976788.01,875231769726.0,11788168670.13,639719489983.1699,279114049517.185,7083311995400.0,5099050000.0
2020-04-20,587350000.0,-1239000000.0,86310620361.0,-89124102061.0,3.0,683525920476.18,875080359716.0,17815736048.0,642627869061.2399,279114049517.185,7080498513700.0,4447400000.0
2020-04-21,369850000.0,-245450000.0,55003955125.0,-53243100725.0,3.0,664634031371.73,875190691704.0,12023872256.84,637835401532.1,279114049517.185,7082259368100.0,4571800000.0
2020-04-22,514700000.0,-801400000.0,81471144863.0,-69254905963.0,3.0,608747854921.73,865384692035.0,13420021126.75,636932028835.18,279114049517.185,7094475607000.0,4285100000.0
2020-04-23,157450000.0,-987250000.0,183986038972.0,-76148985772.0,3.0,474682762529.94,853452348949.0,12286015512.65,660289373532.22,271077332704.665,7202312660200.0,3455300000.0
2020-04-24,206400000.0,-188900000.0,0.0,0.0,3.0,480469839261.7399,853476988956.0,11728269537.17,653329502515.01,271077332704.66498,7202312660200.0,3472800000.0
2020-04-25,527650000.0,-168050000.0,0.0,0.0,3.0,486165133289.58997,853477023602.0,11824351483.84,649179546207.03,271077332704.66504,7202312660200.0,3832400000.0
2020-04-26,341050000.0,-327000000.0,85089039355.0,-100019176955.0,3.0,517378823774.65,853074378061.0,11551961037.609999,644525032984.22,271077332704.665,7187382522600.0,3846450000.0
2020-04-27,1184050000.0,-1256900000.0,47461177680.0,-88279346880.0,3.0,799821646644.51,854129295286.0,11693036961.35,643630673228.64,271077332704.66504,7146564353400.0,3773600000.0
2020-04-28,228750000.0,-297100000.0,52363486468.2,-56498544668.2,3.0,1495568139433.6401,857130711266.0,12403119844.130001,648842320765.8401,271077332704.66504,7142429295200.0,3705250000.0
2020-04-29,274950000.0,-414850000.0,280552158128.2,-70612593028.2,3.0,812729276751.2799,859867232186.0,13238159949.88,652958282279.4401,271077332704.66504,7352368860300.0,3565350000.0
2020-04-30,469500000.0,-370300000.0,0.0,0.0,3.0,732757637114.72,859857180734.0,14634930592.67,692611456724.2599,268244595172.38626,7352368860300.0,3664550000.0
2020-05-01,331650000.0,-327000000.0,0.0,0.0,3.0,740103030473.77,859866968870.0,13815358742.670002,681506917484.87,268244595172.38626,7352368860300.0,3669200000.0
2020-05-02,210900000.0,-143400000.0,0.0,0.0,3.0,747285911200.32,859997019014.0,13652876829.960001,675688617838.0701,268244595172.38623,7352368860300.0,3736700000.0
2020-05-03,553300000.0,-645550000.0,182747424256.0,-152315265756.0,3.0,582643188923.45,827646994982.0,11447748184.18,669701599742.9099,268244595172.38626,7382801018800.0,3644450000.0
2020-05-04,347250000.0,-371300000.0,172198173592.0,-64004160392.0,3.0,544593338559.17004,829447026134.0,14946724644.34,663485037492.64,268244595172.38626,7490995032000.0,3620400000.0
2020-05-05,270800000.0,-494850000.0,140401499626.0,-62925612326.0,3.0,875596707231.3701,802655118190.0,11210826593.9,662353608666.6902,268244595172.38623,7568470919300.0,3396350000.0
2020-05-06,411000000.0,-164200000.0,0.0,0.0,3.0,873289720858.37,802662961822.0,11360085758.420002,658144977374.02,268244595172.38626,7568470919300.0,3643150000.0
2020-05-07,954950000.0,-507000000.0,310881587755.6,-141812055155.6,3.0,578334259086.97,808207699773.0,12815861135.93,662985711803.9601,280158986532.6862,7737540451900.0,4091100000.0
2020-05-08,284300000.0,-233000000.0,0.0,0.0,3.0,586723041683.97,808338622909.0,12935312291.79,658482310411.76,280158986532.6863,7737540451900.0,4142400000.0
2020-05-09,292200000.0,-147150000.0,0.0,0.0,3.0,584320745450.97,808489205293.0,13061813972.07,656631643177.03,280158986532.6863,7737540451900.0,4287450000.0
2020-05-10,447550000.0,-1489900000.0,75188463862.2,-112424786862.2,3.0,577951547615.97,805076587847.0,13163734786.35,658139393439.6802,280158986532.6862,7700304128900.0,3245100000.0
2020-05-11,259750000.0,-412100000.0,180685955559.0,-99995858159.0,3.0,509208675590.57996,807083204191.0,11959438451.91,666400966370.4501,280158986532.6862,7780994226300.0,3092750000.0
2020-05-12,360550000.0,-333700000.0,82162309161.4,-68183425061.4,3.0,1391361529954.35,806882964008.0,11562928357.520002,666617391334.78,280158986532.6862,7794973110400.0,3119600000.0
2020-05-13,368650000.0,-478750000.0,107028295904.17,-57886740604.17,3.0,836427963286.09,805916748504.0,11579073738.11,683216942924.0599,280158986532.6863,7844114665700.0,3009500000.0
2020-05-14,368100000.0,-575150000.0,331842856883.0,-53905321583.0,3.0,382093559530.92004,806226989598.0,12145439047.329998,700537714440.68,280158986532.6863,8122052201000.0,2802450000.0
2020-05-15,482200000.0,-388050000.0,0.0,0.0,3.0,388408319154.92004,806127942398.0,12237489082.529999,689457508951.81,280945778049.585,8122052201000.0,2896600000.0
2020-05-16,234350000.0,-200150000.0,0.0,0.0,3.0,392026237017.92004,806156911310.0,12310615439.79,681995290324.01,280945778049.585,8122052201000.0,2930800000.0
2020-05-17,448500000.0,-501900000.0,80048780717.0,-66799605917.0,3.0,478248938605.42004,805634401406.0,12576574559.03,706563698940.2601,280945778049.585,8135301375800.0,2877400000.0
2020-05-18,1071850000.0,-1059450000.0,365528067692.0,-91372461692.0,3.0,503205927857.07996,807179430158.0,12381299377.62,708314053715.9,280945778049.58496,8409456981800.0,2889800000.0
2020-05-19,921550000.0,-805100000.0,343749743042.0,-113470448542.0,3.0,654364938924.74,827492705860.0,14010206341.67,726806725351.0701,280945778049.5851,8639736276300.0,3006250000.0
2020-05-20,620150000.0,-463600000.0,0.0,0.0,3.0,661049702991.74,827530143028.0,14136339495.67,715917602729.5299,280945778049.58496,8639736276300.0,3162800000.0
2020-05-21,456150000.0,-485900000.0,8536924340.4,-100945899040.4,3.0,818620723639.67,828249710476.0,14193389508.529999,711637572408.4901,280945778049.585,8547327301600.0,3133050000.0
2020-05-22,576250000.0,-204250000.0,2230843000.0,-15730000000.0,3.0,814305077595.67,828249850636.0,14299641589.41,704930094203.0499,280945778049.585,8533828144600.0,3505050000.0
2020-05-23,182700000.0,-89800000.0,0.0,0.0,3.0,819569747831.67,828217850636.0,14405494773.16,703955162392.22,271169984687.59875,8533828144600.0,3597950000.0
2020-05-24,133050000.0,-69700000.0,0.0,0.0,3.0,819888063172.38,828227047756.0,13673337384.529999,701669047037.95,271169984687.59875,8533828144600.0,3661300000.0
2020-05-25,235050000.0,-469600000.0,96616229592.0,-209936736792.0,3.0,613233116472.59,821302079508.0,13629422688.310001,703301524480.7599,271169984687.59875,8420507637400.0,3426750000.0
2020-05-26,241500000.0,-460250000.0,29246737979.0,-108684617779.0,3.0,754377809595.74,821354105972.0,13138805795.949999,696370595882.34,271169984687.59875,8341069757600.0,3208000000.0
2020-05-27,194650000.0,-254250000.0,31475789559.0,-105156553959.0,3.0,1531173522271.71,821344105972.0,12599022475.63,692467630795.2501,271169984687.59875,8267388993200.0,3148400000.0
2020-05-28,162750000.0,-272600000.0,117897256618.0,-84629502618.0,3.0,866283355536.4099,861011525400.0,14205932054.58,694741141009.8499,271169984687.59875,8300656747200.0,3038550000.0
2020-05-29,260050000.0,-315450000.0,14207461400.0,-13400425000.0,3.0,848208219792.1799,861014616288.0,14299839606.520002,690716178042.96,271169984687.59875,8301463783600.0,2983150000.0
2020-05-30,230850000.0,-212750000.0,0.0,0.0,3.0,861301343402.58,861027155526.0,14327065961.52,686929206072.76,271169984687.59872,8301463783600.0,3001250000.0
2020-05-31,436850000.0,-374200000.0,0.0,0.0,3.0,790785913068.7999,861029823273.0,13730342055.51,727834896877.6901,265603422860.5875,8301463783600.0,3063900000.0
2020-06-01,429700000.0,-773500000.0,163330051367.2,-204934088567.2,3.0,705800479036.1,860209793240.0,13194991598.610003,719573360740.89,265603422860.58743,8259859746400.0,2720100000.0
2020-06-02,553400000.0,-591350000.0,346496337186.0,-344749440186.0,3.0,592938578091.71,864520359633.0,11781244898.65,712147840180.05,265603422860.58746,8261606643400.0,2682150000.0
2020-06-03,1007450000.0,-519800000.0,77834195857.0,-76233770457.0,3.0,625405576000.8601,865790722997.0,11633617032.66,706588665947.86,265603422860.5875,8263207068800.0,3169800000.0
2020-06-04,716650000.0,-732250000.0,232354903921.6,-80094010221.6,3.0,482762275765.60004,940502980525.0,12918994834.029999,710582395860.18,265603422860.5875,8415467962500.0,3154200000.0
2020-06-05,843750000.0,-528650000.0,0.0,0.0,3.0,488029036822.6,940497143423.0,12910348622.67,704600259556.5,265603422860.5875,8415467962500.0,3469300000.0
2020-06-06,410900000.0,-277850000.0,0.0,0.0,3.0,493627266609.60004,940497582352.0,13061169521.25,699627704047.0,265603422860.5875,8415467962500.0,3602350000.0
2020-06-07,542850000.0,-811250000.0,73128939732.0,-108838391032.0,3.0,546512365550.72003,940558001360.0,12726230080.86,696733416391.62,304655672993.55505,8379758511200.0,3333950000.0
2020-06-08,511200000.0,-1175350000.0,40561224667.0,-101306568267.0,3.0,495718914675.28,940980467604.0,11554810984.850002,696049546872.74,304655672993.55505,8319013167600.0,2669800000.0
2020-06-09,250300000.0,-375450000.0,34253354714.0,-65497974514.0,3.0,491875446226.30005,941414276586.0,11246432167.25,695241316763.62,304655672993.55505,8287768547800.0,2544650000.0
2020-06-10,998000000.0,-506750000.0,64951096980.0,-62412185480.0,3.0,494295759405.10004,943445953341.0,11932598725.69,692151144173.59,304655672993.55505,8290307459300.0,3035900000.0
2020-06-11,346800000.0,-520200000.0,197082598572.0,-86707515772.0,3.0,632708484236.29,936855245156.0,10467292027.439999,694381057784.85,304655672993.555,8400682542100.0,2862500000.0
2020-06-12,655650000.0,-461900000.0,0.0,0.0,3.0,635994219754.22,936855799203.0,10274103283.5,690464906548.49,304655672993.555,8400682542100.0,3056250000.0
2020-06-13,561600000.0,-249750000.0,0.0,0.0,3.0,641099500014.22,936865934203.0,10396848392.49,687208978813.05,304655672993.55505,8400682542100.0,3368100000.0
2020-06-14,317400000.0,-541050000.0,89500718349.0,-102177114149.0,3.0,645874562277.1599,936800940057.0,10553536100.68,685613120580.29,304655672993.55505,8388006146300.0,3144450000.0
2020-06-15,340900000.0,-530950000.0,66746094061.0,-82424292661.0,3.0,679134320966.6599,905119228233.0,10666479437.670002,703099900726.0402,277188988618.0688,8372327947700.0,2954400000.0
2020-06-16,469650000.0,-541450000.0,76048179453.0,-56572530853.0,3.0,591145644713.48,903217462557.0,10657924333.699999,706971616792.99,277188988618.0687,8391803596300.0,2882600000.0
2020-06-17,401000000.0,-510250000.0,78031158797.0,-67122777197.0,3.0,577155395151.38,903299291855.0,10853065602.390001,695040483429.0302,277188988618.0687,8402711977900.0,2773350000.0
2020-06-18,297850000.0,-545750000.0,181913942897.0,-65276448697.0,3.0,597110019933.94,907199428654.0,10997298738.04,691610659501.69,277188988618.0688,8519349472100.0,2525450000.0
2020-06-19,768600000.0,-582300000.0,0.0,0.0,3.0,604414952285.94,907308052565.0,10670096719.62,688170742738.8201,277188988618.0687,8519349472100.0,2711750000.0
2020-06-21,891850000.0,-1065500000.0,86907612907.0,-124296708707.0,3.0,614546827324.0299,907462615830.0,12663622715.48,680164269832.42,277188988618.0687,8481960376300.0,2538100000.0
2020-06-22,608450000.0,-475700000.0,65738829063.0,-93950483463.0,3.0,586624841845.81,900460079091.0,11198160430.429998,676674688747.06,277188988618.0687,8453748721900.0,2670850000.0
2020-06-23,314900000.0,-535750000.0,71371766873.2,-78112029173.2,3.0,577029736085.4801,849112041071.0,11502187434.78,680076922618.27,276950800145.9425,8447008459600.0,2450000000.0
2020-06-25,596400000.0,-526050000.0,146156909658.0,-57674860258.0,3.0,567884717005.9601,911967629760.0,10939458088.689999,698556730211.68,276950800145.9425,8535490509000.0,2520350000.0
2020-06-26,455550000.0,-588700000.0,0.0,0.0,3.0,570720523117.9601,911968777852.0,10793339986.21,693042510206.44,276950800145.9425,8535490509000.0,2387200000.0
2020-06-27,601400000.0,-359900000.0,0.0,0.0,3.0,579438448146.9601,911970684386.0,10645968183.72,688751626155.7999,276950800145.9425,8535490509000.0,2628700000.0
2020-06-28,517000000.0,-678500000.0,100668582045.0,-83740048445.0,3.0,1237583465315.06,889159726697.0,10743727477.21,685615537366.6699,276950800145.9425,8552419042600.0,2467200000.0
2020-06-29,803450000.0,-815750000.0,179761448218.0,-76152498418.0,3.0,673286709543.23,892498218465.0,12072225799.5,712958138832.1599,276950800145.9425,8656027992400.0,2454900000.0
2020-06-30,1078150000.0,-1135050000.0,109361489827.7,-93680146627.7,3.0,602414934068.09,889443616649.0,13123104683.789999,730467775581.41,276835583716.1025,8671709335600.0,2398000000.0
2020-07-01,480200000.0,-596000000.0,99605620638.0,-68757248038.0,3.0,539747461502.09,892847771037.0,10543608507.029999,722970384299.0499,276835583716.1025,8702557708200.0,2282200000.0
2020-07-02,1158400000.0,-643650000.0,256272658650.0,-75874147650.0,3.0,458757356938.10004,893850558794.0,11546672672.33,718839376939.27,276835583716.1025,8882956219200.0,2796950000.0
2020-07-03,795300000.0,-615250000.0,0.0,0.0,3.0,465208005330.10004,893852088832.0,11683249184.59,711613702837.92,276835583716.1025,8882956219200.0,2977000000.0
2020-07-04,907300000.0,-409300000.0,0.0,0.0,3.0,477917322956.10004,893852596432.0,11781415857.18,705914135518.8601,276835583716.1025,8882956219200.0,3475000000.0
2020-07-05,492250000.0,-652400000.0,227148501946.0,-117753874646.0,3.0,450057760828.74,893893365246.0,12771809501.039999,707547399054.15,276835583716.1025,8992350846500.0,3314850000.0
2020-07-06,757900000.0,-724450000.0,139320959730.0,-80153087330.0,3.0,419360404798.26,893478053810.0,12661030192.710001,707435635476.4299,276835583716.1025,9051518718900.0,3348300000.0
2020-07-07,617200000.0,-1569800000.0,65656002084.0,-53056909684.0,3.0,419726907867.25995,893384667213.0,12438359300.630001,700549039909.9099,284681400271.85876,9064117811300.0,2395700000.0
2020-07-08,493350000.0,-600200000.0,91079826013.0,-60306176313.0,3.0,439336951475.26,864156656125.0,11698619658.039999,693659379234.99,284681400271.85876,9094891461000.0,2288850000.0
2020-07-09,1169500000.0,-799800000.0,218623681647.0,-79915210847.0,3.0,451898267541.75995,864192086252.0,11735335492.57,707630443525.8,284681400271.85876,9233599931800.0,2658550000.0
2020-07-10,621600000.0,-619500000.0,0.0,0.0,3.0,459544845034.19,864198294981.0,11867426219.05,701286097089.2,284681400271.85876,9233599931800.0,2660650000.0
2020-07-11,1585050000.0,-327000000.0,0.0,0.0,3.0,457332210566.18994,864206893709.0,11998426690.83,695762363070.95,284681400271.85876,9233599931800.0,3918700000.0
2020-07-12,464800000.0,-723100000.0,99774437581.0,-92436869281.0,3.0,467830890507.91,875346178320.0,11926972213.61,687997243692.2601,284681400271.85876,9240937500100.0,3660400000.0
2020-07-13,313350000.0,-597150000.0,89311690469.0,-108178449569.0,3.0,471823529961.25995,876156178320.0,12103706456.300001,689861605730.55,284681400271.85876,9222070741000.0,3376600000.0
2020-07-14,1090600000.0,-861150000.0,78457857033.4,-66801194433.4,3.0,465895666950.86,881095828499.0,11866975271.18,693825586549.5399,284681400271.85876,9233727403600.0,3606050000.0
2020-07-15,425800000.0,-938650000.0,78872106864.2,-51298373864.2,3.0,449784035896.82996,883343848467.0,11944807617.910002,689216137821.2902,263456796384.415,9261301136600.0,3093200000.0
2020-07-16,473100000.0,-908200000.0,182605812367.4,-53017776467.4,3.0,466715332665.04004,881873848467.0,12088039439.34,694752930171.0701,263456796384.415,9390889172500.0,2658100000.0
2020-07-17,1224450000.0,-368100000.0,0.0,0.0,3.0,470236158536.04004,881875623843.0,12230790786.810001,690496686163.07,263456796384.41498,9390889172500.0,3514450000.0
2020-07-18,1329350000.0,-290900000.0,0.0,0.0,3.0,480384178113.04004,881558932219.0,12275087237.2,687284664810.9299,263456796384.41498,9390889172500.0,4552900000.0
2020-07-19,615800000.0,-2027050000.0,120765133381.59999,-125526200016.59999,3.0,457181015095.05,891387349324.0,12274749968.7,686791015938.4302,263456796384.41498,9386128105865.0,3141650000.0
2020-07-20,387900000.0,-1242150000.0,87453495046.0,-101846323946.0,3.0,464500385818.82996,866355696360.0,12190885351.57,687061016668.06,263456796384.41498,9371735276965.0,2287400000.0
2020-07-21,364300000.0,-565600000.0,70008562875.0,-58849920875.0,3.0,506895047798.83,840116002382.0,13597454956.4,686080275932.8201,263456796384.41498,9382893918965.0,2086100000.0
2020-07-22,298050000.0,-426350000.0,98363078347.0,-84661679712.0,3.0,455980320839.74005,816490721429.0,11924063649.25,687386494135.54,263456796384.41498,9396595317600.0,1957800000.0
2020-07-23,504700000.0,-627850000.0,179847105618.2,-55859245418.2,3.0,468985739668.74,819962802646.0,11864496588.18,705297054300.22,254411463022.32874,9520583177800.0,1834650000.0
2020-07-24,1111300000.0,-461300000.0,0.0,0.0,3.0,476682488585.10004,819965313346.0,11490018429.06,697699827213.62,254411463022.32877,9520583177800.0,2484650000.0
2020-07-25,848200000.0,-230150000.0,0.0,0.0,3.0,485010024877.8,819965345290.0,11574257474.949999,691047690449.2,254411463022.32877,9520583177800.0,3102700000.0
2020-07-26,1191100000.0,-717150000.0,89054530316.21,-113014155016.21,3.0,437735395078.4,803858506905.0,11219040240.820002,696289837542.75,254411463022.32877,9496623553100.0,3576650000.0
2020-07-27,343800000.0,-606950000.0,100167842143.0,-85310553743.0,3.0,463351495672.54,808779260297.0,11143130708.71,692692008745.7,254411463022.32877,9511480841500.0,3313500000.0
2020-07-28,731600000.0,-1018550000.0,89686440275.0,-56694111675.0,3.0,1391749996172.0498,815920524225.0,11518448999.5,700376295633.06,254411463022.32877,9544473170100.0,3026550000.0
2020-07-29,998350000.0,-1040100000.0,571842324296.0,-273920449896.0,3.0,744761143222.37,820849548544.0,13836524579.359999,705044652603.06,254411463022.32877,9842395044500.0,2984800000.0
2020-07-30,294450000.0,-218100000.0,23039942000.0,-23020342000.0,3.0,751863524965.02,820846517023.0,13857135934.210001,701302052537.99,254411463022.32877,9842414644500.0,3061150000.0
2020-07-31,760950000.0,-336850000.0,0.0,0.0,3.0,675755041353.88,820855529839.0,14151397047.9,740849092222.53,254723024967.23376,9842414644500.0,3485250000.0
2020-08-01,1222200000.0,-237050000.0,0.0,0.0,3.0,678587746595.88,820856625231.0,14220945502.95,731875364047.28,254723024967.23376,9842414644500.0,4470400000.0
2020-08-02,816600000.0,-732300000.0,179118441451.0,-140258096851.0,3.0,668915265116.13,821637778190.0,13619317628.789999,716976027019.3601,254723024967.23373,9881274989100.0,4554700000.0
2020-08-03,795950000.0,-788050000.0,56663143197.4,-89415397097.4,3.0,639050898595.83,823864721818.0,11833721648.63,715460771727.7101,254723024967.23373,9848522735200.0,4562600000.0
2020-08-04,574600000.0,-1464200000.0,85469170652.8,-73318991652.8,3.0,525698385649.76996,831480247801.0,11499821173.76,702656852997.67,254723024967.23376,9860672914200.0,3673000000.0
2020-08-05,401550000.0,-819200000.0,91253943038.0,-80228744338.0,3.0,480260815298.67,836977088487.0,11801171007.23,708841388240.68,254723024967.23373,9871698112900.0,3255350000.0
2020-08-06,443500000.0,-1608050000.0,251272385533.0,-66430440633.0,3.0,1164832081311.2698,866162727547.0,11672935448.269999,708234621943.3999,254723024967.23376,10056540057800.0,2090800000.0
2020-08-07,545900000.0,-583900000.0,0.0,0.0,3.0,1163643146327.2698,866162857648.0,11753148818.79,702808001188.26,272445939039.04123,10056540057800.0,2052800000.0
2020-08-08,3744400000.0,-987600000.0,0.0,0.0,3.0,4678342418901.08,3464394920252.0,47590591383.56,2794601471249.2397,272445939039.04126,10056540057800.0,4809600000.0
2020-08-09,1112100000.0,-772800000.0,103545538909.0,-77623406909.0,3.0,695430136500.12,854582554566.0,14952316229.01,745738236233.0901,272445939039.04126,10082462189800.0,5148900000.0
2020-08-10,690350000.0,-576450000.0,78895558372.0,-82119984272.0,3.0,591186628742.06,854130979795.0,14965898354.259998,743218744337.6002,272445939039.04126,10079237763900.0,5262800000.0
2020-08-11,406300000.0,-663050000.0,65966796616.0,-58763086316.0,3.0,583311488423.29,848577651088.0,15175651624.77,736879357766.22,272445939039.04126,10086441474200.0,5006050000.0
2020-08-12,517900000.0,-509100000.0,98259983581.0,-45126797081.0,3.0,592183453642.02,849515031685.0,15458183762.32,731798661073.15,272445939039.04126,10139574660700.0,5014850000.0
2020-08-13,963000000.0,-735000000.0,353763083169.0,-59018371569.0,3.0,486574955723.25995,849991148801.0,15488520711.56,734184625898.57,272445939039.04126,10434319372300.0,5242850000.0
2020-08-14,1203000000.0,-676800000.0,0.0,0.0,3.0,491770005607.25995,849999029534.0,15581615583.430002,728792515286.77,272445939039.04126,10434319372300.0,5769050000.0
2020-08-15,1059800000.0,-288650000.0,0.0,0.0,3.0,500018381212.25995,849999399767.0,15680437119.31,723851564444.2201,281582649651.61755,10434319372300.0,6540200000.0
2020-08-16,497250000.0,-333400000.0,0.0,0.0,3.0,498594299469.25995,850027509797.0,15770022049.26,718745137586.62,281582649651.6175,10434319372300.0,6704050000.0
2020-08-17,1310650000.0,-2063950000.0,141164482447.69,-154071365147.69,3.0,550285782791.54,852276151296.0,16897366983.189999,719157647073.0499,281582649651.6175,10421412489600.0,5950750000.0
2020-08-18,1068550000.0,-1432400000.0,254329982792.65,-99811254692.65,3.0,525579199023.39996,848286970819.0,18490377619.430004,719906543822.89,281582649651.6175,10575931217700.0,5586900000.0
2020-08-19,1840500000.0,-408100000.0,0.0,0.0,3.0,539847895714.14996,848272222213.0,18235875690.5,715834168116.88,281582649651.61755,10575931217700.0,7019300000.0
2020-08-20,1682300000.0,-518250000.0,0.0,0.0,3.0,589743620464.15,848249327998.0,18365865703.28,712074015136.76,281582649651.6175,10575931217700.0,8183350000.0
2020-08-21,1197500000.0,-523850000.0,0.0,0.0,3.0,595427189846.15,848263425903.0,18470564754.34,707893009163.3599,281582649651.61755,10575931217700.0,8857000000.0
2020-08-22,465350000.0,-251700000.0,0.0,0.0,3.0,602990038692.15,848263708241.0,18604854450.449997,704304396703.8301,281582649651.61755,10575931217700.0,9070650000.0
2020-08-23,640550000.0,-2544000000.0,111094029859.0,-210129089959.0,3.0,516178361250.2399,826822306124.0,17556105924.149998,704021292289.23,289845107740.57245,10476896157600.0,7167200000.0
2020-08-24,548200000.0,-2312800000.0,51492643471.0,-104904416171.0,3.0,657025454620.6901,817929227507.0,16551828866.250002,724997010466.37,289845107740.5725,10423484384900.0,5402600000.0
2020-08-25,370450000.0,-873150000.0,62702338352.6,-79211591452.8,3.0,758477382710.52,816250255656.0,16328498356.95,733664526352.8999,289845107740.57245,10406975131799.799,4899900000.0
2020-08-26,379700000.0,-627350000.0,59535357447.5,-58585436347.5,3.0,883447659232.9701,835897068108.0,14597141518.110003,733346267528.7399,289845107740.5725,10407925052899.799,4652250000.0
2020-08-28,1090600000.0,-492950000.0,159800500.0,0.0,3.0,1668962051785.64,827434849858.0,19397407967.15,742550556808.0901,289845107740.5725,10408084853399.799,5249900000.0
2020-08-29,1399550000.0,-376650000.0,0.0,0.0,3.0,1668195768791.64,827438180895.0,19492219856.670002,738118005040.3401,289845107740.5725,10408084853399.799,6272800000.0
2020-08-30,1028350000.0,-1675750000.0,170395546498.2,-94568606898.2,3.0,1184614290230.88,818392754854.0,16741854039.48,738490123438.0299,289845107740.5725,10483911792999.799,5625400000.0
2020-08-31,842150000.0,-1258250000.0,152875227128.0,-112244586328.0,3.0,1067103505178.09,818863083330.0,16511527328.279999,774844129626.8,266537608901.00626,10524542433799.799,5209300000.0
2020-09-01,589300000.0,-1131200000.0,75949559580.0,-31571560780.0,3.0,1017939302281.0901,815767192095.0,15518611732.59,776185190282.02,266537608901.00626,10568920432599.799,4667400000.0
2020-09-02,1009100000.0,-530550000.0,116203707567.2,-45353662467.0,3.0,996901624408.27,804807067129.0,15674285532.590002,776328038061.1799,266537608901.00623,10639770477699.998,5145950000.0
2020-09-03,1114400000.0,-903350000.0,270246029861.0,-55680834961.0,3.0,881741660391.69,804309433221.0,13245593260.480001,777491437379.2899,266537608901.00623,10854335672599.998,5357000000.0
2020-09-04,868050000.0,-603600000.0,0.0,0.0,3.0,890446476316.07,804310792064.0,13316711831.990002,770852803922.1599,266537608901.00623,10854335672599.998,5621450000.0
2020-09-05,892900000.0,-346850000.0,0.0,0.0,3.0,899790067966.07,800811950707.0,13319033522.519999,766841581528.39,266537608901.00623,10854335672599.998,6167500000.0
2020-09-06,406050000.0,-695800000.0,116023782950.79999,-118023921750.79999,3.0,906832621734.52,792604400095.0,13377517499.050001,770286494080.73,266537608901.00626,10852335533799.998,5877750000.0
2020-09-07,1259250000.0,-601300000.0,84393630429.0,-90856314929.0,3.0,842277779825.67,796174413167.0,14700132493.59,772360856842.0898,337434722441.8913,10845872849299.998,6535700000.0
2020-09-08,401050000.0,-937100000.0,71139290277.9,-64872067677.9,3.0,830666335053.67,803027913491.0,14009690854.130001,764609074448.89,337434722441.89124,10852140071899.998,5999650000.0
2020-09-09,500200000.0,-593950000.0,77263063212.0,-63997086712.0,3.0,826253594541.15,803534750017.0,13156632124.699999,762334484709.0302,337434722441.89124,10865406048399.998,5905900000.0
2020-09-10,427850000.0,-948100000.0,198570205699.0,-65162942999.0,3.0,805210301052.33,802391458732.0,12759754446.3,757876513919.1101,337434722441.8913,10998813311099.998,5385650000.0
2020-09-11,816400000.0,-524500000.0,0.0,0.0,3.0,819255022339.76,802720273187.0,12549548899.490002,753324113757.7802,337434722441.8913,10998813311099.998,5677550000.0
2020-09-12,1542700000.0,-297700000.0,0.0,0.0,3.0,827137419464.6901,802717430356.0,12367438378.66,750424623042.6403,337434722441.8913,10998813311099.998,6922550000.0
2020-09-13,837750000.0,-2015600000.0,95773188109.0,-101650703009.0,3.0,805894906145.73,794393084729.0,12513516496.390001,756063384232.22,337434722441.89124,10992935796199.998,5744700000.0
2020-09-14,549200000.0,-579500000.0,70694320576.0,-87218173376.0,3.0,728957763940.37,793696930584.0,12711927935.050001,757504463356.1001,337434722441.8913,10976411943399.998,5714400000.0
2020-09-15,414500000.0,-718800000.0,58433262924.5,-62425168524.5,3.0,727955784797.87,787906707651.0,12705303587.78,758047682128.96,318143252366.15875,10972420037799.998,5410100000.0
2020-09-16,947350000.0,-652500000.0,83044951320.6,-65509159420.6,3.0,702256755704.16,816578870949.0,12639703993.130001,767031236314.6499,318143252366.15875,10989955829699.998,5704950000.0
2020-09-17,440600000.0,-692050000.0,257824794590.8,-123878155190.8,3.0,560164755069.97,842991532333.0,12637612919.130001,756935345376.02,318143252366.15875,11123902469099.998,5453500000.0
2020-09-18,821950000.0,-410600000.0,0.0,0.0,3.0,582041194847.47,842991833926.0,12684324619.26,753559227900.8201,318143252366.15875,11123902469099.998,5864850000.0
2020-09-19,834550000.0,-224700000.0,0.0,0.0,3.0,593602892590.47,843102469466.0,12329027253.61,750770671305.2,318143252366.1588,11123902469099.998,6474700000.0
2020-09-20,577600000.0,-1217050000.0,114401620877.0,-133070470877.0,3.0,561427431527.8201,844863892319.0,12301364338.150002,748207567791.27,318143252366.15875,11105233619099.998,5835250000.0
2020-09-21,770800000.0,-478800000.0,80762967392.6,-109403856392.6,3.0,565214839209.98,845550052340.0,14158283969.19,723265008668.8201,318143252366.15875,11076592730099.998,6127250000.0
2020-09-22,314700000.0,-522850000.0,64809039945.0,-66169689445.0,3.0,638553641086.1,826377309636.0,14267111172.86,717527040677.7799,318143252366.1588,11075232080599.998,5919100000.0
2020-09-23,340200000.0,-501550000.0,74287435506.74,-47579722106.74,3.0,636705765394.37,796346789791.0,14666529130.51,712108457309.1599,297868367696.2912,11101939793999.998,5757750000.0
2020-09-24,496300000.0,-1452050000.0,192706614388.67,-57285466688.67,3.0,657334125994.38,798414554882.0,12379626744.88,739896483447.0,297868367696.29126,11237360941699.998,4802000000.0
2020-09-25,601600000.0,-560600000.0,0.0,0.0,3.0,668536768215.8098,798415577721.0,12493453926.989998,730583527257.2,297868367696.29126,11237360941699.998,4843000000.0
2020-09-26,469200000.0,-226400000.0,0.0,0.0,3.0,677056180077.81,798416432584.0,12342669161.199999,726030477408.8298,297868367696.29126,11237360941699.998,5085800000.0
2020-09-27,527250000.0,-618750000.0,64667201317.0,-78298332917.0,3.0,800575598230.36,797942061047.0,12262976766.18,724381420596.42,297868367696.29126,11223729810099.998,4994300000.0
2020-09-28,743800000.0,-556200000.0,126434533664.8,-82033742864.8,3.0,1531154450127.79,796123764879.0,15211954037.369999,723426405873.4,297868367696.29126,11268130600899.998,5181900000.0
2020-09-29,1009250000.0,-772100000.0,154862731069.0,-74431200069.0,3.0,863873998376.63,773103906776.0,13205390940.630001,720177260490.0099,297868367696.29126,11348562131899.998,5419050000.0
2020-09-30,686100000.0,-833250000.0,148781749516.0,-88607002216.0,3.0,737341784496.2399,774374225520.0,13115276267.990002,754060706353.6798,275947601179.2275,11408736879199.998,5271900000.0
